<?xml version="1.0" encoding="UTF-8"?>
<questestinterop xmlns="http://www.imsglobal.org/xsd/ims_qtiasiv1p2" xmlns:xsi="http://www.w3.org/2001/XMLSchema-instance" xsi:schemaLocation="http://www.imsglobal.org/xsd/ims_qtiasiv1p2 http://www.imsglobal.org/xsd/ims_qtiasiv1p2p1.xsd">
  <assessment ident="text2qti_assessment_282d53951109b8cb298cfa56f2bf6694135643108a0fc229ff4f5817a3ad7a1f" title="Quiz">
    <qtimetadata>
      <qtimetadatafield>
        <fieldlabel>cc_maxattempts</fieldlabel>
        <fieldentry>1</fieldentry>
      </qtimetadatafield>
    </qtimetadata>
    <section ident="root_section">
      <item ident="text2qti_question_88a9f0fc100379df35088b4a886166c19d1fd6cefcbb6d17387150d50aff7eee" title="Question">
        <itemmetadata>
          <qtimetadata>
            <qtimetadatafield>
              <fieldlabel>question_type</fieldlabel>
              <fieldentry>multiple_choice_question</fieldentry>
            </qtimetadatafield>
            <qtimetadatafield>
              <fieldlabel>points_possible</fieldlabel>
              <fieldentry>1</fieldentry>
            </qtimetadatafield>
            <qtimetadatafield>
              <fieldlabel>original_answer_ids</fieldlabel>
              <fieldentry>text2qti_choice_fc3687407f33302ad67839a1de0fd90d1376572ec577a183ad3f8a241ef1b81e,text2qti_choice_7a4cb007299ef8c5eff61f01f27cb6271726e791c9852563365429959287e86e,text2qti_choice_67bae73b592e0dbc27a82ca5b42aff05b00963d6caca8db9db6fe6fa9f517965,text2qti_choice_78aa8de162a0263944816f8dc7073d1c1892173ae63079d954e9de28ae35891a</fieldentry>
            </qtimetadatafield>
            <qtimetadatafield>
              <fieldlabel>assessment_question_identifierref</fieldlabel>
              <fieldentry>text2qti_question_ref_88a9f0fc100379df35088b4a886166c19d1fd6cefcbb6d17387150d50aff7eee</fieldentry>
            </qtimetadatafield>
          </qtimetadata>
        </itemmetadata>
        <presentation>
          <material>
            <mattext texttype="text/html">&lt;p&gt;3.00 mol of potassium chloride (KCl) [molar mass = 74.55 g/mol] is dissolved in final 3.00 kg water. What is the &lt;strong&gt;molality&lt;/strong&gt; of the KCl solution?&lt;/p&gt;</mattext>
          </material>
          <response_lid ident="response1" rcardinality="Single">
            <render_choice>
              <response_label ident="text2qti_choice_fc3687407f33302ad67839a1de0fd90d1376572ec577a183ad3f8a241ef1b81e">
                <material>
                  <mattext texttype="text/html">&lt;p&gt;2.24 m&lt;/p&gt;</mattext>
                </material>
              </response_label>
              <response_label ident="text2qti_choice_7a4cb007299ef8c5eff61f01f27cb6271726e791c9852563365429959287e86e">
                <material>
                  <mattext texttype="text/html">&lt;p&gt;0.500 m&lt;/p&gt;</mattext>
                </material>
              </response_label>
              <response_label ident="text2qti_choice_67bae73b592e0dbc27a82ca5b42aff05b00963d6caca8db9db6fe6fa9f517965">
                <material>
                  <mattext texttype="text/html">&lt;p&gt;1.00 m&lt;/p&gt;</mattext>
                </material>
              </response_label>
              <response_label ident="text2qti_choice_78aa8de162a0263944816f8dc7073d1c1892173ae63079d954e9de28ae35891a">
                <material>
                  <mattext texttype="text/html">&lt;p&gt;99.4 m&lt;/p&gt;</mattext>
                </material>
              </response_label>
            </render_choice>
          </response_lid>
        </presentation>
        <resprocessing>
          <outcomes>
            <decvar maxvalue="100" minvalue="0" varname="SCORE" vartype="Decimal"/>
          </outcomes>
          <respcondition continue="No">
            <conditionvar>
              <varequal respident="response1">text2qti_choice_67bae73b592e0dbc27a82ca5b42aff05b00963d6caca8db9db6fe6fa9f517965</varequal>
            </conditionvar>
            <setvar action="Set" varname="SCORE">100</setvar>
          </respcondition>
        </resprocessing>
      </item>
      <item ident="text2qti_question_e33ddb8f3c7eee8584538aa392a5c911230bc3c22f22273e473d064481ba90c1" title="Question">
        <itemmetadata>
          <qtimetadata>
            <qtimetadatafield>
              <fieldlabel>question_type</fieldlabel>
              <fieldentry>multiple_choice_question</fieldentry>
            </qtimetadatafield>
            <qtimetadatafield>
              <fieldlabel>points_possible</fieldlabel>
              <fieldentry>1</fieldentry>
            </qtimetadatafield>
            <qtimetadatafield>
              <fieldlabel>original_answer_ids</fieldlabel>
              <fieldentry>text2qti_choice_366ea2e25d906ab784c6c25118bf1c4ed64a825ee2a4b30cfbd3186f8e1c7f19,text2qti_choice_215c63b6415ff8e643caa7384b201222b6642d0c41eb41b1a22ec8dc4646ed14,text2qti_choice_383063548a58bd88a86de421a07ab451563fd6cc2b015b76f999e8390b1af4d1,text2qti_choice_97b66f2294c26b2b52d47a0e796477f3b80bf85973dd0b1f816b77efe7ea1b0d</fieldentry>
            </qtimetadatafield>
            <qtimetadatafield>
              <fieldlabel>assessment_question_identifierref</fieldlabel>
              <fieldentry>text2qti_question_ref_e33ddb8f3c7eee8584538aa392a5c911230bc3c22f22273e473d064481ba90c1</fieldentry>
            </qtimetadatafield>
          </qtimetadata>
        </itemmetadata>
        <presentation>
          <material>
            <mattext texttype="text/html">&lt;p&gt;Which statement is the LEAST relevant or is INCORRECT regarding the colligative properties of a solution?&lt;/p&gt;</mattext>
          </material>
          <response_lid ident="response1" rcardinality="Single">
            <render_choice>
              <response_label ident="text2qti_choice_366ea2e25d906ab784c6c25118bf1c4ed64a825ee2a4b30cfbd3186f8e1c7f19">
                <material>
                  <mattext texttype="text/html">&lt;p&gt;A solution&amp;rsquo;s change in boiling point and freezing point are examples of colligative properties&lt;/p&gt;</mattext>
                </material>
              </response_label>
              <response_label ident="text2qti_choice_215c63b6415ff8e643caa7384b201222b6642d0c41eb41b1a22ec8dc4646ed14">
                <material>
                  <mattext texttype="text/html">&lt;p&gt;These properties depend only on the &lt;strong&gt;number&lt;/strong&gt; of solute particles dissolved in the solvent.&lt;/p&gt;</mattext>
                </material>
              </response_label>
              <response_label ident="text2qti_choice_383063548a58bd88a86de421a07ab451563fd6cc2b015b76f999e8390b1af4d1">
                <material>
                  <mattext texttype="text/html">&lt;p&gt;To understand the effect of the solute, you must know the &lt;strong&gt;oxidation numbers&lt;/strong&gt; of the atoms in the compound.&lt;/p&gt;</mattext>
                </material>
              </response_label>
              <response_label ident="text2qti_choice_97b66f2294c26b2b52d47a0e796477f3b80bf85973dd0b1f816b77efe7ea1b0d">
                <material>
                  <mattext texttype="text/html">&lt;p&gt;&lt;strong&gt;Molality&lt;/strong&gt; (&lt;em&gt;m&lt;/em&gt;) is the required unit of concentration for calculating freezing and boiling point changes.&lt;/p&gt;</mattext>
                </material>
              </response_label>
            </render_choice>
          </response_lid>
        </presentation>
        <resprocessing>
          <outcomes>
            <decvar maxvalue="100" minvalue="0" varname="SCORE" vartype="Decimal"/>
          </outcomes>
          <respcondition continue="No">
            <conditionvar>
              <varequal respident="response1">text2qti_choice_383063548a58bd88a86de421a07ab451563fd6cc2b015b76f999e8390b1af4d1</varequal>
            </conditionvar>
            <setvar action="Set" varname="SCORE">100</setvar>
          </respcondition>
        </resprocessing>
      </item>
      <item ident="text2qti_question_e4145f41498259d323687db342bf2b1f992771b120b382f24062d1b3f5f45e07" title="Question">
        <itemmetadata>
          <qtimetadata>
            <qtimetadatafield>
              <fieldlabel>question_type</fieldlabel>
              <fieldentry>multiple_choice_question</fieldentry>
            </qtimetadatafield>
            <qtimetadatafield>
              <fieldlabel>points_possible</fieldlabel>
              <fieldentry>1</fieldentry>
            </qtimetadatafield>
            <qtimetadatafield>
              <fieldlabel>original_answer_ids</fieldlabel>
              <fieldentry>text2qti_choice_dbb454d85a2405bba10f93c96b9e9ca0788986ff94ea5fd1a84710e1321c7688,text2qti_choice_17ef9b03e3ff479a561ad8180688319c92414dd2a95594542d368fd8e7863877,text2qti_choice_7bc78ce0d070b84303b607154d98aebe5f7c9c4704e4cfcffed44dd125981e71,text2qti_choice_97a36d5120ef7c71287141ed41573cd4d947902d9b63b0e34b55c0dc8b302ea8</fieldentry>
            </qtimetadatafield>
            <qtimetadatafield>
              <fieldlabel>assessment_question_identifierref</fieldlabel>
              <fieldentry>text2qti_question_ref_e4145f41498259d323687db342bf2b1f992771b120b382f24062d1b3f5f45e07</fieldentry>
            </qtimetadatafield>
          </qtimetadata>
        </itemmetadata>
        <presentation>
          <material>
            <mattext texttype="text/html">&lt;p&gt;Lithium (Li) metal will react explosively with cold water in a vigorous redox reaction. Which of the reactions below is correctly balanced and shows what occurs?&lt;/p&gt;</mattext>
          </material>
          <response_lid ident="response1" rcardinality="Single">
            <render_choice>
              <response_label ident="text2qti_choice_dbb454d85a2405bba10f93c96b9e9ca0788986ff94ea5fd1a84710e1321c7688">
                <material>
                  <mattext texttype="text/html">&lt;p&gt;Li (&lt;em&gt;s&lt;/em&gt;) + H&lt;sub&gt;2&lt;/sub&gt;O (&lt;em&gt;l&lt;/em&gt;) ⟶ O&lt;sub&gt;2&lt;/sub&gt; (&lt;em&gt;g&lt;/em&gt;) + LiOH (&lt;em&gt;aq&lt;/em&gt;)&lt;/p&gt;</mattext>
                </material>
              </response_label>
              <response_label ident="text2qti_choice_17ef9b03e3ff479a561ad8180688319c92414dd2a95594542d368fd8e7863877">
                <material>
                  <mattext texttype="text/html">&lt;p&gt;2 Li (&lt;em&gt;s&lt;/em&gt;) + 2 H&lt;sub&gt;2&lt;/sub&gt;O (&lt;em&gt;l&lt;/em&gt;) ⟶ 2 O&lt;sub&gt;2&lt;/sub&gt; (&lt;em&gt;g&lt;/em&gt;) + 3 LiOH (&lt;em&gt;aq&lt;/em&gt;)&lt;/p&gt;</mattext>
                </material>
              </response_label>
              <response_label ident="text2qti_choice_7bc78ce0d070b84303b607154d98aebe5f7c9c4704e4cfcffed44dd125981e71">
                <material>
                  <mattext texttype="text/html">&lt;p&gt;2 Li (&lt;em&gt;s&lt;/em&gt;) + 2 H&lt;sub&gt;2&lt;/sub&gt;O (&lt;em&gt;l&lt;/em&gt;) ⟶ H&lt;sub&gt;2&lt;/sub&gt; (&lt;em&gt;g&lt;/em&gt;) + 2 LiOH (&lt;em&gt;aq&lt;/em&gt;)&lt;/p&gt;</mattext>
                </material>
              </response_label>
              <response_label ident="text2qti_choice_97a36d5120ef7c71287141ed41573cd4d947902d9b63b0e34b55c0dc8b302ea8">
                <material>
                  <mattext texttype="text/html">&lt;p&gt;Li (&lt;em&gt;s&lt;/em&gt;) + 3 H&lt;sub&gt;2&lt;/sub&gt;O (&lt;em&gt;l&lt;/em&gt;) ⟶ H&lt;sub&gt;2&lt;/sub&gt; (&lt;em&gt;g&lt;/em&gt;) + LiOH (&lt;em&gt;aq&lt;/em&gt;)&lt;/p&gt;</mattext>
                </material>
              </response_label>
            </render_choice>
          </response_lid>
        </presentation>
        <resprocessing>
          <outcomes>
            <decvar maxvalue="100" minvalue="0" varname="SCORE" vartype="Decimal"/>
          </outcomes>
          <respcondition continue="No">
            <conditionvar>
              <varequal respident="response1">text2qti_choice_7bc78ce0d070b84303b607154d98aebe5f7c9c4704e4cfcffed44dd125981e71</varequal>
            </conditionvar>
            <setvar action="Set" varname="SCORE">100</setvar>
          </respcondition>
        </resprocessing>
      </item>
      <item ident="text2qti_question_a13aa6db57036d7444c47bca0e6d5eae980040ef8fe235061634806f674d3a88" title="Question">
        <itemmetadata>
          <qtimetadata>
            <qtimetadatafield>
              <fieldlabel>question_type</fieldlabel>
              <fieldentry>true_false_question</fieldentry>
            </qtimetadatafield>
            <qtimetadatafield>
              <fieldlabel>points_possible</fieldlabel>
              <fieldentry>1</fieldentry>
            </qtimetadatafield>
            <qtimetadatafield>
              <fieldlabel>original_answer_ids</fieldlabel>
              <fieldentry>text2qti_choice_a81b7d4ddc636218d576b6c042a0e2de19fe11c533ffd927a9e1c2f1bba81eeb,text2qti_choice_f95572da93e514b7afb3ff43686ff8d1bc04588374a38f42a9edf1d05d2c72c8</fieldentry>
            </qtimetadatafield>
            <qtimetadatafield>
              <fieldlabel>assessment_question_identifierref</fieldlabel>
              <fieldentry>text2qti_question_ref_a13aa6db57036d7444c47bca0e6d5eae980040ef8fe235061634806f674d3a88</fieldentry>
            </qtimetadatafield>
          </qtimetadata>
        </itemmetadata>
        <presentation>
          <material>
            <mattext texttype="text/html">&lt;p&gt;At Standard Temperature and Pressure (STP), the temperature is 0°C and the pressure is 1 atm.&lt;/p&gt;</mattext>
          </material>
          <response_lid ident="response1" rcardinality="Single">
            <render_choice>
              <response_label ident="text2qti_choice_a81b7d4ddc636218d576b6c042a0e2de19fe11c533ffd927a9e1c2f1bba81eeb">
                <material>
                  <mattext texttype="text/html">&lt;p&gt;true&lt;/p&gt;</mattext>
                </material>
              </response_label>
              <response_label ident="text2qti_choice_f95572da93e514b7afb3ff43686ff8d1bc04588374a38f42a9edf1d05d2c72c8">
                <material>
                  <mattext texttype="text/html">&lt;p&gt;false&lt;/p&gt;</mattext>
                </material>
              </response_label>
            </render_choice>
          </response_lid>
        </presentation>
        <resprocessing>
          <outcomes>
            <decvar maxvalue="100" minvalue="0" varname="SCORE" vartype="Decimal"/>
          </outcomes>
          <respcondition continue="No">
            <conditionvar>
              <varequal respident="response1">text2qti_choice_a81b7d4ddc636218d576b6c042a0e2de19fe11c533ffd927a9e1c2f1bba81eeb</varequal>
            </conditionvar>
            <setvar action="Set" varname="SCORE">100</setvar>
          </respcondition>
        </resprocessing>
      </item>
      <item ident="text2qti_question_1353720362f1a1e2f0aa87513778d7ce1bd5ef1cac5b9439572da811270ecd1c" title="Question">
        <itemmetadata>
          <qtimetadata>
            <qtimetadatafield>
              <fieldlabel>question_type</fieldlabel>
              <fieldentry>true_false_question</fieldentry>
            </qtimetadatafield>
            <qtimetadatafield>
              <fieldlabel>points_possible</fieldlabel>
              <fieldentry>1</fieldentry>
            </qtimetadatafield>
            <qtimetadatafield>
              <fieldlabel>original_answer_ids</fieldlabel>
              <fieldentry>text2qti_choice_7cee1e3d5e72acec5814e0a2fc18d1e8f1c2ff3f95014b868e46aaa4acf4d96e,text2qti_choice_0f83e7bd72e89344a670f13acd85e1d109f5dce83a95aa8a75f229d98f6e832e</fieldentry>
            </qtimetadatafield>
            <qtimetadatafield>
              <fieldlabel>assessment_question_identifierref</fieldlabel>
              <fieldentry>text2qti_question_ref_1353720362f1a1e2f0aa87513778d7ce1bd5ef1cac5b9439572da811270ecd1c</fieldentry>
            </qtimetadatafield>
          </qtimetadata>
        </itemmetadata>
        <presentation>
          <material>
            <mattext texttype="text/html">&lt;p&gt;Boyle’s Law states that the pressure of a gas is directly proportional to its volume at constant temperature.&lt;/p&gt;</mattext>
          </material>
          <response_lid ident="response1" rcardinality="Single">
            <render_choice>
              <response_label ident="text2qti_choice_7cee1e3d5e72acec5814e0a2fc18d1e8f1c2ff3f95014b868e46aaa4acf4d96e">
                <material>
                  <mattext texttype="text/html">&lt;p&gt;true&lt;/p&gt;</mattext>
                </material>
              </response_label>
              <response_label ident="text2qti_choice_0f83e7bd72e89344a670f13acd85e1d109f5dce83a95aa8a75f229d98f6e832e">
                <material>
                  <mattext texttype="text/html">&lt;p&gt;false&lt;/p&gt;</mattext>
                </material>
              </response_label>
            </render_choice>
          </response_lid>
        </presentation>
        <resprocessing>
          <outcomes>
            <decvar maxvalue="100" minvalue="0" varname="SCORE" vartype="Decimal"/>
          </outcomes>
          <respcondition continue="No">
            <conditionvar>
              <varequal respident="response1">text2qti_choice_0f83e7bd72e89344a670f13acd85e1d109f5dce83a95aa8a75f229d98f6e832e</varequal>
            </conditionvar>
            <setvar action="Set" varname="SCORE">100</setvar>
          </respcondition>
        </resprocessing>
      </item>
      <item ident="text2qti_question_6d1c64707e72a8f1973fa6a62e0cff4e4cf30d142abb73c84a628442fa91a8fa" title="Question">
        <itemmetadata>
          <qtimetadata>
            <qtimetadatafield>
              <fieldlabel>question_type</fieldlabel>
              <fieldentry>true_false_question</fieldentry>
            </qtimetadatafield>
            <qtimetadatafield>
              <fieldlabel>points_possible</fieldlabel>
              <fieldentry>1</fieldentry>
            </qtimetadatafield>
            <qtimetadatafield>
              <fieldlabel>original_answer_ids</fieldlabel>
              <fieldentry>text2qti_choice_a74b01730d22762aeb6ee1351efd11965cb2f652a2018c3ca7a7064ffe7cf7ea,text2qti_choice_3ce006e9c14f395bf07ad5714c506798470ba5084b12e9211378736f36859e9e</fieldentry>
            </qtimetadatafield>
            <qtimetadatafield>
              <fieldlabel>assessment_question_identifierref</fieldlabel>
              <fieldentry>text2qti_question_ref_6d1c64707e72a8f1973fa6a62e0cff4e4cf30d142abb73c84a628442fa91a8fa</fieldentry>
            </qtimetadatafield>
          </qtimetadata>
        </itemmetadata>
        <presentation>
          <material>
            <mattext texttype="text/html">&lt;p&gt;A strong electrolyte completely dissociates into ions in aqueous solution.&lt;/p&gt;</mattext>
          </material>
          <response_lid ident="response1" rcardinality="Single">
            <render_choice>
              <response_label ident="text2qti_choice_a74b01730d22762aeb6ee1351efd11965cb2f652a2018c3ca7a7064ffe7cf7ea">
                <material>
                  <mattext texttype="text/html">&lt;p&gt;true&lt;/p&gt;</mattext>
                </material>
              </response_label>
              <response_label ident="text2qti_choice_3ce006e9c14f395bf07ad5714c506798470ba5084b12e9211378736f36859e9e">
                <material>
                  <mattext texttype="text/html">&lt;p&gt;false&lt;/p&gt;</mattext>
                </material>
              </response_label>
            </render_choice>
          </response_lid>
        </presentation>
        <resprocessing>
          <outcomes>
            <decvar maxvalue="100" minvalue="0" varname="SCORE" vartype="Decimal"/>
          </outcomes>
          <respcondition continue="No">
            <conditionvar>
              <varequal respident="response1">text2qti_choice_a74b01730d22762aeb6ee1351efd11965cb2f652a2018c3ca7a7064ffe7cf7ea</varequal>
            </conditionvar>
            <setvar action="Set" varname="SCORE">100</setvar>
          </respcondition>
        </resprocessing>
      </item>
      <item ident="text2qti_question_67273b69647d0338cf13da4d3010881a5e2b0e3d27cb11003b6e3689b43278fb" title="Question">
        <itemmetadata>
          <qtimetadata>
            <qtimetadatafield>
              <fieldlabel>question_type</fieldlabel>
              <fieldentry>true_false_question</fieldentry>
            </qtimetadatafield>
            <qtimetadatafield>
              <fieldlabel>points_possible</fieldlabel>
              <fieldentry>1</fieldentry>
            </qtimetadatafield>
            <qtimetadatafield>
              <fieldlabel>original_answer_ids</fieldlabel>
              <fieldentry>text2qti_choice_79c416b7857f7b3e8286717c3218c4c0ee301c11c3c05d30d8d364e51172ed58,text2qti_choice_6c0ce45641e3012876e46b0c7db9d9f5c7117884391c2ad2f84cb21ad9189ec1</fieldentry>
            </qtimetadatafield>
            <qtimetadatafield>
              <fieldlabel>assessment_question_identifierref</fieldlabel>
              <fieldentry>text2qti_question_ref_67273b69647d0338cf13da4d3010881a5e2b0e3d27cb11003b6e3689b43278fb</fieldentry>
            </qtimetadatafield>
          </qtimetadata>
        </itemmetadata>
        <presentation>
          <material>
            <mattext texttype="text/html">&lt;p&gt;Water molecules are nonpolar and therefore do not interact with ionic compounds.&lt;/p&gt;</mattext>
          </material>
          <response_lid ident="response1" rcardinality="Single">
            <render_choice>
              <response_label ident="text2qti_choice_79c416b7857f7b3e8286717c3218c4c0ee301c11c3c05d30d8d364e51172ed58">
                <material>
                  <mattext texttype="text/html">&lt;p&gt;true&lt;/p&gt;</mattext>
                </material>
              </response_label>
              <response_label ident="text2qti_choice_6c0ce45641e3012876e46b0c7db9d9f5c7117884391c2ad2f84cb21ad9189ec1">
                <material>
                  <mattext texttype="text/html">&lt;p&gt;false&lt;/p&gt;</mattext>
                </material>
              </response_label>
            </render_choice>
          </response_lid>
        </presentation>
        <resprocessing>
          <outcomes>
            <decvar maxvalue="100" minvalue="0" varname="SCORE" vartype="Decimal"/>
          </outcomes>
          <respcondition continue="No">
            <conditionvar>
              <varequal respident="response1">text2qti_choice_6c0ce45641e3012876e46b0c7db9d9f5c7117884391c2ad2f84cb21ad9189ec1</varequal>
            </conditionvar>
            <setvar action="Set" varname="SCORE">100</setvar>
          </respcondition>
        </resprocessing>
      </item>
    </section>
  </assessment>
</questestinterop>
